<?xml version="1.0"?>
<Runs Version="1" Minor="0">
	<Run Id="mult_gen_0_synth_1" LaunchDir="C:/Piotr.K/AGH_STUDIA/semVI/Systemy Rekonfigurowalne/lab_4/zad_4/macierze_rel/macierze_rel.runs/mult_gen_0_synth_1" FlowId="Vivado_Synthesis" FromStepId="vivado" ToStepId="vivado"/>
	<Run Id="synth_1" LaunchDir="C:/Piotr.K/AGH_STUDIA/semVI/Systemy Rekonfigurowalne/lab_4/zad_4/macierze_rel/macierze_rel.runs/synth_1" FlowId="Vivado_Synthesis" FromStepId="vivado" ToStepId="vivado">
		<Parent Id="mult_gen_0_synth_1"/>
	</Run>
	<Parameters>
		<Parameter Name="runs.monitorLSFJobs" Val="true" Type="bool"/>
		<Parameter Name="runs.enableClusterConf" Val="true" Type="bool"/>
	</Parameters>
</Runs>

