<?xml version="1.0" encoding="UTF-8"?>
<GenRun Id="impl_1" LaunchPart="xc7z010clg400-1" LaunchTime="1743359752">
  <File Type="ROUTE-PWR" Name="dodawanie_power_routed.rpt"/>
  <File Type="PA-TCL" Name="dodawanie.tcl"/>
  <File Type="ROUTE-PWR-SUM" Name="dodawanie_power_summary_routed.pb"/>
  <File Type="REPORTS-TCL" Name="dodawanie_reports.tcl"/>
  <File Type="BITSTR-MSK" Name="dodawanie.msk"/>
  <File Type="ROUTE-CLK" Name="dodawanie_clock_utilization_routed.rpt"/>
  <File Type="RDI-RDI" Name="dodawanie.vdi"/>
  <File Type="BG-BIT" Name="dodawanie.bit"/>
  <File Type="BG-DRC" Name="dodawanie.drc"/>
  <File Type="BG-BGN" Name="dodawanie.bgn"/>
  <File Type="BG-BIN" Name="dodawanie.bin"/>
  <File Type="BITSTR-RBT" Name="dodawanie.rbt"/>
  <File Type="BITSTR-NKY" Name="dodawanie.nky"/>
  <File Type="BITSTR-BMM" Name="dodawanie_bd.bmm"/>
  <File Type="BITSTR-MMI" Name="dodawanie.mmi"/>
  <File Type="ROUTE-METHODOLOGY-DRC" Name="dodawanie_methodology_drc_routed.rpt"/>
  <File Type="BITSTR-SYSDEF" Name="dodawanie.sysdef"/>
  <File Type="BITSTR-LTX" Name="debug_nets.ltx"/>
  <File Type="BITSTR-LTX" Name="dodawanie.ltx"/>
  <File Type="WBT-USG" Name="usage_statistics_webtalk.html"/>
  <File Type="OPT-DRC" Name="dodawanie_drc_opted.rpt"/>
  <File Type="OPT-HWDEF" Name="dodawanie.hwdef"/>
  <File Type="PLACE-IO" Name="dodawanie_io_placed.rpt"/>
  <File Type="PLACE-UTIL" Name="dodawanie_utilization_placed.rpt"/>
  <File Type="PLACE-UTIL-PB" Name="dodawanie_utilization_placed.pb"/>
  <File Type="PLACE-CTRL" Name="dodawanie_control_sets_placed.rpt"/>
  <File Type="PLACE-PRE-SIMILARITY" Name="dodawanie_incremental_reuse_pre_placed.rpt"/>
  <File Type="ROUTE-DRC" Name="dodawanie_drc_routed.rpt"/>
  <File Type="ROUTE-DRC-PB" Name="dodawanie_drc_routed.pb"/>
  <File Type="ROUTE-PWR-RPX" Name="dodawanie_power_routed.rpx"/>
  <File Type="ROUTE-STATUS" Name="dodawanie_route_status.rpt"/>
  <File Type="ROUTE-STATUS-PB" Name="dodawanie_route_status.pb"/>
  <File Type="ROUTE-DCP" Name="dodawanie_routed.dcp"/>
  <File Type="ROUTE-ERROR-DCP" Name="dodawanie_routed_error.dcp"/>
  <File Type="ROUTE-BLACKBOX-DCP" Name="dodawanie_routed_bb.dcp"/>
  <File Type="ROUTE-TIMINGSUMMARY" Name="dodawanie_timing_summary_routed.rpt"/>
  <File Type="ROUTE-TIMING-PB" Name="dodawanie_timing_summary_routed.pb"/>
  <File Type="ROUTE-TIMING-RPX" Name="dodawanie_timing_summary_routed.rpx"/>
  <File Type="ROUTE-BUS-SKEW" Name="dodawanie_bus_skew_routed.rpt"/>
  <File Type="ROUTE-BUS-SKEW-PB" Name="dodawanie_bus_skew_routed.pb"/>
  <File Type="ROUTE-BUS-SKEW-RPX" Name="dodawanie_bus_skew_routed.rpx"/>
  <File Type="OPT-DCP" Name="dodawanie_opt.dcp"/>
  <File Type="PLACE-DCP" Name="dodawanie_placed.dcp"/>
  <File Type="PWROPT-DCP" Name="dodawanie_pwropt.dcp"/>
  <File Type="POSTPLACE-PWROPT-DCP" Name="dodawanie_postplace_pwropt.dcp"/>
  <File Type="PHYSOPT-DCP" Name="dodawanie_physopt.dcp"/>
  <File Type="POSTROUTE-PHYSOPT-DCP" Name="dodawanie_postroute_physopt.dcp"/>
  <File Type="POSTROUTE-PHYSOPT-BLACKBOX-DCP" Name="dodawanie_postroute_physopt_bb.dcp"/>
  <File Type="ROUTE-METHODOLOGY-DRC-PB" Name="dodawanie_methodology_drc_routed.pb"/>
  <File Type="ROUTE-DRC-RPX" Name="dodawanie_drc_routed.rpx"/>
  <File Type="ROUTE-METHODOLOGY-DRC-RPX" Name="dodawanie_methodology_drc_routed.rpx"/>
  <File Type="PDI-FILE" Name="dodawanie.pdi"/>
  <File Type="RCFI_FILE" Name="dodawanie.rcfi"/>
  <File Type="CFI_FILE" Name="dodawanie.cfi"/>
  <File Type="RNPI_FILE" Name="dodawanie.rnpi"/>
  <File Type="NPI_FILE" Name="dodawanie.npi"/>
  <File Type="RBD_FILE" Name="dodawanie.rbd"/>
  <File Type="ROUTE-RQS" Name="dodawanie_routed.rqs"/>
  <File Type="POSTROUTE-PHYSOPT-RQS" Name="dodawanie_postroute_physopted.rqs"/>
  <File Type="ROUTE-RQS-RPT" Name="route_report_qor_suggestions_0.rpt"/>
  <File Type="POSTROUTE-PHYSOPT-RQS-RPT" Name="postroute_physopt_report_qor_suggestions_0.rpt"/>
  <FileSet Name="sources" Type="DesignSrcs" RelSrcDir="$PSRCDIR/sources_1" RelGenDir="$PGENDIR/sources_1">
    <Filter Type="Srcs"/>
    <File Path="$PSRCDIR/sources_1/new/opoznienie_modul.v">
      <FileInfo>
        <Attr Name="UsedIn" Val="synthesis"/>
        <Attr Name="UsedIn" Val="implementation"/>
        <Attr Name="UsedIn" Val="simulation"/>
      </FileInfo>
    </File>
    <File Path="$PSRCDIR/sources_1/new/dodawanie.v">
      <FileInfo>
        <Attr Name="UsedIn" Val="synthesis"/>
        <Attr Name="UsedIn" Val="implementation"/>
        <Attr Name="UsedIn" Val="simulation"/>
      </FileInfo>
    </File>
    <Config>
      <Option Name="DesignMode" Val="RTL"/>
      <Option Name="TopModule" Val="dodawanie"/>
      <Option Name="TopAutoSet" Val="TRUE"/>
    </Config>
  </FileSet>
  <FileSet Name="constrs_in" Type="Constrs" RelSrcDir="$PSRCDIR/constrs_1">
    <Filter Type="Constrs"/>
    <Config>
      <Option Name="ConstrsType" Val="XDC"/>
    </Config>
  </FileSet>
  <FileSet Name="utils" Type="Utils" RelSrcDir="$PSRCDIR/utils_1">
    <Filter Type="Utils"/>
    <File Path="$PSRCDIR/utils_1/imports/synth_1/dodawanie.dcp">
      <FileInfo>
        <Attr Name="UsedIn" Val="synthesis"/>
        <Attr Name="UsedIn" Val="implementation"/>
        <Attr Name="UsedInSteps" Val="synth_1"/>
        <Attr Name="AutoDcp" Val="1"/>
      </FileInfo>
    </File>
    <Config>
      <Option Name="TopAutoSet" Val="TRUE"/>
    </Config>
  </FileSet>
  <Strategy Version="1" Minor="2">
    <StratHandle Name="Vivado Implementation Defaults" Flow="Vivado Implementation 2022"/>
    <Step Id="init_design"/>
    <Step Id="opt_design"/>
    <Step Id="power_opt_design"/>
    <Step Id="place_design"/>
    <Step Id="post_place_power_opt_design"/>
    <Step Id="phys_opt_design"/>
    <Step Id="route_design"/>
    <Step Id="post_route_phys_opt_design"/>
    <Step Id="write_bitstream"/>
    <Step Id="write_device_image"/>
  </Strategy>
  <BlockFileSet Type="BlockSrcs" Name="c_addsub_0"/>
  <BlockFileSet Type="BlockSrcs" Name="mult_gen_0"/>
</GenRun>
