<?xml version="1.0" encoding="UTF-8"?>
<GenRun Id="impl_1" LaunchPart="xc7z010clg400-1" LaunchTime="1742403943">
  <File Type="ROUTE-PWR" Name="delay_line_power_routed.rpt"/>
  <File Type="PA-TCL" Name="delay_line.tcl"/>
  <File Type="ROUTE-PWR-SUM" Name="delay_line_power_summary_routed.pb"/>
  <File Type="REPORTS-TCL" Name="delay_line_reports.tcl"/>
  <File Type="BITSTR-MSK" Name="delay_line.msk"/>
  <File Type="ROUTE-CLK" Name="delay_line_clock_utilization_routed.rpt"/>
  <File Type="RDI-RDI" Name="delay_line.vdi"/>
  <File Type="BG-BIT" Name="delay_line.bit"/>
  <File Type="BG-DRC" Name="delay_line.drc"/>
  <File Type="BG-BGN" Name="delay_line.bgn"/>
  <File Type="BG-BIN" Name="delay_line.bin"/>
  <File Type="BITSTR-RBT" Name="delay_line.rbt"/>
  <File Type="BITSTR-NKY" Name="delay_line.nky"/>
  <File Type="BITSTR-BMM" Name="delay_line_bd.bmm"/>
  <File Type="BITSTR-MMI" Name="delay_line.mmi"/>
  <File Type="ROUTE-METHODOLOGY-DRC" Name="delay_line_methodology_drc_routed.rpt"/>
  <File Type="BITSTR-SYSDEF" Name="delay_line.sysdef"/>
  <File Type="BITSTR-LTX" Name="debug_nets.ltx"/>
  <File Type="BITSTR-LTX" Name="delay_line.ltx"/>
  <File Type="WBT-USG" Name="usage_statistics_webtalk.html"/>
  <File Type="OPT-DRC" Name="delay_line_drc_opted.rpt"/>
  <File Type="OPT-HWDEF" Name="delay_line.hwdef"/>
  <File Type="PLACE-IO" Name="delay_line_io_placed.rpt"/>
  <File Type="PLACE-UTIL" Name="delay_line_utilization_placed.rpt"/>
  <File Type="PLACE-UTIL-PB" Name="delay_line_utilization_placed.pb"/>
  <File Type="PLACE-CTRL" Name="delay_line_control_sets_placed.rpt"/>
  <File Type="PLACE-PRE-SIMILARITY" Name="delay_line_incremental_reuse_pre_placed.rpt"/>
  <File Type="ROUTE-DRC" Name="delay_line_drc_routed.rpt"/>
  <File Type="ROUTE-DRC-PB" Name="delay_line_drc_routed.pb"/>
  <File Type="ROUTE-PWR-RPX" Name="delay_line_power_routed.rpx"/>
  <File Type="ROUTE-STATUS" Name="delay_line_route_status.rpt"/>
  <File Type="ROUTE-STATUS-PB" Name="delay_line_route_status.pb"/>
  <File Type="ROUTE-DCP" Name="delay_line_routed.dcp"/>
  <File Type="ROUTE-ERROR-DCP" Name="delay_line_routed_error.dcp"/>
  <File Type="ROUTE-BLACKBOX-DCP" Name="delay_line_routed_bb.dcp"/>
  <File Type="ROUTE-TIMINGSUMMARY" Name="delay_line_timing_summary_routed.rpt"/>
  <File Type="ROUTE-TIMING-PB" Name="delay_line_timing_summary_routed.pb"/>
  <File Type="ROUTE-TIMING-RPX" Name="delay_line_timing_summary_routed.rpx"/>
  <File Type="ROUTE-BUS-SKEW" Name="delay_line_bus_skew_routed.rpt"/>
  <File Type="ROUTE-BUS-SKEW-PB" Name="delay_line_bus_skew_routed.pb"/>
  <File Type="ROUTE-BUS-SKEW-RPX" Name="delay_line_bus_skew_routed.rpx"/>
  <File Type="OPT-DCP" Name="delay_line_opt.dcp"/>
  <File Type="PLACE-DCP" Name="delay_line_placed.dcp"/>
  <File Type="PWROPT-DCP" Name="delay_line_pwropt.dcp"/>
  <File Type="POSTPLACE-PWROPT-DCP" Name="delay_line_postplace_pwropt.dcp"/>
  <File Type="PHYSOPT-DCP" Name="delay_line_physopt.dcp"/>
  <File Type="POSTROUTE-PHYSOPT-DCP" Name="delay_line_postroute_physopt.dcp"/>
  <File Type="POSTROUTE-PHYSOPT-BLACKBOX-DCP" Name="delay_line_postroute_physopt_bb.dcp"/>
  <File Type="ROUTE-METHODOLOGY-DRC-PB" Name="delay_line_methodology_drc_routed.pb"/>
  <File Type="ROUTE-DRC-RPX" Name="delay_line_drc_routed.rpx"/>
  <File Type="ROUTE-METHODOLOGY-DRC-RPX" Name="delay_line_methodology_drc_routed.rpx"/>
  <File Type="PDI-FILE" Name="delay_line.pdi"/>
  <File Type="RCFI_FILE" Name="delay_line.rcfi"/>
  <File Type="CFI_FILE" Name="delay_line.cfi"/>
  <File Type="RNPI_FILE" Name="delay_line.rnpi"/>
  <File Type="NPI_FILE" Name="delay_line.npi"/>
  <File Type="RBD_FILE" Name="delay_line.rbd"/>
  <File Type="ROUTE-RQS" Name="delay_line_routed.rqs"/>
  <File Type="POSTROUTE-PHYSOPT-RQS" Name="delay_line_postroute_physopted.rqs"/>
  <File Type="ROUTE-RQS-RPT" Name="route_report_qor_suggestions_0.rpt"/>
  <File Type="POSTROUTE-PHYSOPT-RQS-RPT" Name="postroute_physopt_report_qor_suggestions_0.rpt"/>
  <FileSet Name="sources" Type="DesignSrcs" RelSrcDir="$PSRCDIR/sources_1" RelGenDir="$PGENDIR/sources_1">
    <Filter Type="Srcs"/>
    <File Path="$PSRCDIR/sources_1/new/delay_line.v">
      <FileInfo>
        <Attr Name="UsedIn" Val="synthesis"/>
        <Attr Name="UsedIn" Val="implementation"/>
        <Attr Name="UsedIn" Val="simulation"/>
      </FileInfo>
    </File>
    <Config>
      <Option Name="DesignMode" Val="RTL"/>
      <Option Name="TopModule" Val="delay_line"/>
      <Option Name="TopAutoSet" Val="TRUE"/>
    </Config>
  </FileSet>
  <FileSet Name="constrs_in" Type="Constrs" RelSrcDir="$PSRCDIR/constrs_1">
    <Filter Type="Constrs"/>
    <Config>
      <Option Name="ConstrsType" Val="XDC"/>
    </Config>
  </FileSet>
  <FileSet Name="utils" Type="Utils" RelSrcDir="$PSRCDIR/utils_1">
    <Filter Type="Utils"/>
    <File Path="$PSRCDIR/utils_1/imports/synth_1/delay_line.dcp">
      <FileInfo>
        <Attr Name="UsedIn" Val="synthesis"/>
        <Attr Name="UsedIn" Val="implementation"/>
        <Attr Name="UsedInSteps" Val="synth_1"/>
        <Attr Name="AutoDcp" Val="1"/>
      </FileInfo>
    </File>
    <Config>
      <Option Name="TopAutoSet" Val="TRUE"/>
    </Config>
  </FileSet>
  <Strategy Version="1" Minor="2">
    <StratHandle Name="Vivado Implementation Defaults" Flow="Vivado Implementation 2022"/>
    <Step Id="init_design"/>
    <Step Id="opt_design"/>
    <Step Id="power_opt_design"/>
    <Step Id="place_design"/>
    <Step Id="post_place_power_opt_design"/>
    <Step Id="phys_opt_design"/>
    <Step Id="route_design"/>
    <Step Id="post_route_phys_opt_design"/>
    <Step Id="write_bitstream"/>
    <Step Id="write_device_image"/>
  </Strategy>
</GenRun>
