<?xml version="1.0" encoding="UTF-8"?>
<GenRun Id="impl_1" LaunchPart="xc7z010clg400-1" LaunchTime="1742426207">
  <File Type="ROUTE-PWR" Name="logika_duzo_power_routed.rpt"/>
  <File Type="PA-TCL" Name="logika_duzo.tcl"/>
  <File Type="BITSTR-MMI" Name="logika_duzo.mmi"/>
  <File Type="OPT-METHODOLOGY-DRC" Name="logika_duzo_methodology_drc_opted.rpt"/>
  <File Type="INIT-TIMING" Name="logika_duzo_timing_summary_init.rpt"/>
  <File Type="ROUTE-PWR-SUM" Name="logika_duzo_power_summary_routed.pb"/>
  <File Type="REPORTS-TCL" Name="logika_duzo_reports.tcl"/>
  <File Type="OPT-TIMING" Name="logika_duzo_timing_summary_opted.rpt"/>
  <File Type="OPT-DCP" Name="logika_duzo_opt.dcp"/>
  <File Type="OPT-DRC" Name="logika_duzo_drc_opted.rpt"/>
  <File Type="OPT-HWDEF" Name="logika_duzo.hwdef"/>
  <File Type="PWROPT-DCP" Name="logika_duzo_pwropt.dcp"/>
  <File Type="PWROPT-DRC" Name="logika_duzo_drc_pwropted.rpt"/>
  <File Type="PWROPT-TIMING" Name="logika_duzo_timing_summary_pwropted.rpt"/>
  <File Type="PLACE-DCP" Name="logika_duzo_placed.dcp"/>
  <File Type="PLACE-IO" Name="logika_duzo_io_placed.rpt"/>
  <File Type="PLACE-CLK" Name="logika_duzo_clock_utilization_placed.rpt"/>
  <File Type="PLACE-UTIL" Name="logika_duzo_utilization_placed.rpt"/>
  <File Type="PLACE-UTIL-PB" Name="logika_duzo_utilization_placed.pb"/>
  <File Type="PLACE-CTRL" Name="logika_duzo_control_sets_placed.rpt"/>
  <File Type="PLACE-SIMILARITY" Name="logika_duzo_incremental_reuse_placed.rpt"/>
  <File Type="PLACE-PRE-SIMILARITY" Name="logika_duzo_incremental_reuse_pre_placed.rpt"/>
  <File Type="BG-BIN" Name="logika_duzo.bin"/>
  <File Type="PLACE-TIMING" Name="logika_duzo_timing_summary_placed.rpt"/>
  <File Type="POSTPLACE-PWROPT-DCP" Name="logika_duzo_postplace_pwropt.dcp"/>
  <File Type="BITSTR-MSK" Name="logika_duzo.msk"/>
  <File Type="POSTPLACE-PWROPT-TIMING" Name="logika_duzo_timing_summary_postplace_pwropted.rpt"/>
  <File Type="PHYSOPT-DCP" Name="logika_duzo_physopt.dcp"/>
  <File Type="PHYSOPT-DRC" Name="logika_duzo_drc_physopted.rpt"/>
  <File Type="BITSTR-RBT" Name="logika_duzo.rbt"/>
  <File Type="PHYSOPT-TIMING" Name="logika_duzo_timing_summary_physopted.rpt"/>
  <File Type="ROUTE-ERROR-DCP" Name="logika_duzo_routed_error.dcp"/>
  <File Type="ROUTE-DCP" Name="logika_duzo_routed.dcp"/>
  <File Type="ROUTE-BLACKBOX-DCP" Name="logika_duzo_routed_bb.dcp"/>
  <File Type="ROUTE-DRC" Name="logika_duzo_drc_routed.rpt"/>
  <File Type="ROUTE-DRC-PB" Name="logika_duzo_drc_routed.pb"/>
  <File Type="ROUTE-DRC-RPX" Name="logika_duzo_drc_routed.rpx"/>
  <File Type="ROUTE-METHODOLOGY-DRC" Name="logika_duzo_methodology_drc_routed.rpt"/>
  <File Type="ROUTE-METHODOLOGY-DRC-RPX" Name="logika_duzo_methodology_drc_routed.rpx"/>
  <File Type="ROUTE-METHODOLOGY-DRC-PB" Name="logika_duzo_methodology_drc_routed.pb"/>
  <File Type="ROUTE-PWR-RPX" Name="logika_duzo_power_routed.rpx"/>
  <File Type="ROUTE-STATUS" Name="logika_duzo_route_status.rpt"/>
  <File Type="ROUTE-STATUS-PB" Name="logika_duzo_route_status.pb"/>
  <File Type="ROUTE-TIMINGSUMMARY" Name="logika_duzo_timing_summary_routed.rpt"/>
  <File Type="ROUTE-TIMING-PB" Name="logika_duzo_timing_summary_routed.pb"/>
  <File Type="ROUTE-TIMING-RPX" Name="logika_duzo_timing_summary_routed.rpx"/>
  <File Type="ROUTE-SIMILARITY" Name="logika_duzo_incremental_reuse_routed.rpt"/>
  <File Type="ROUTE-CLK" Name="logika_duzo_clock_utilization_routed.rpt"/>
  <File Type="ROUTE-BUS-SKEW" Name="logika_duzo_bus_skew_routed.rpt"/>
  <File Type="ROUTE-BUS-SKEW-PB" Name="logika_duzo_bus_skew_routed.pb"/>
  <File Type="ROUTE-BUS-SKEW-RPX" Name="logika_duzo_bus_skew_routed.rpx"/>
  <File Type="POSTROUTE-PHYSOPT-DCP" Name="logika_duzo_postroute_physopt.dcp"/>
  <File Type="POSTROUTE-PHYSOPT-BLACKBOX-DCP" Name="logika_duzo_postroute_physopt_bb.dcp"/>
  <File Type="POSTROUTE-PHYSOPT-TIMING" Name="logika_duzo_timing_summary_postroute_physopted.rpt"/>
  <File Type="POSTROUTE-PHYSOPT-TIMING-PB" Name="logika_duzo_timing_summary_postroute_physopted.pb"/>
  <File Type="POSTROUTE-PHYSOPT-TIMING-RPX" Name="logika_duzo_timing_summary_postroute_physopted.rpx"/>
  <File Type="POSTROUTE-PHYSOPT-BUS-SKEW" Name="logika_duzo_bus_skew_postroute_physopted.rpt"/>
  <File Type="BG-BIT" Name="logika_duzo.bit"/>
  <File Type="POSTROUTE-PHYSOPT-BUS-SKEW-PB" Name="logika_duzo_bus_skew_postroute_physopted.pb"/>
  <File Type="POSTROUTE-PHYSOPT-BUS-SKEW-RPX" Name="logika_duzo_bus_skew_postroute_physopted.rpx"/>
  <File Type="BITSTR-NKY" Name="logika_duzo.nky"/>
  <File Type="BITSTR-BMM" Name="logika_duzo_bd.bmm"/>
  <File Type="PDI-FILE" Name="logika_duzo.pdi"/>
  <File Type="RCFI_FILE" Name="logika_duzo.rcfi"/>
  <File Type="CFI_FILE" Name="logika_duzo.cfi"/>
  <File Type="RNPI_FILE" Name="logika_duzo.rnpi"/>
  <File Type="NPI_FILE" Name="logika_duzo.npi"/>
  <File Type="RBD_FILE" Name="logika_duzo.rbd"/>
  <File Type="BITSTR-LTX" Name="debug_nets.ltx"/>
  <File Type="BITSTR-LTX" Name="logika_duzo.ltx"/>
  <File Type="BITSTR-SYSDEF" Name="logika_duzo.sysdef"/>
  <File Type="BG-BGN" Name="logika_duzo.bgn"/>
  <File Type="BG-DRC" Name="logika_duzo.drc"/>
  <File Type="RDI-RDI" Name="logika_duzo.vdi"/>
  <File Type="WBT-USG" Name="usage_statistics_webtalk.html"/>
  <File Type="ROUTE-RQS" Name="logika_duzo_routed.rqs"/>
  <File Type="POSTROUTE-PHYSOPT-RQS" Name="logika_duzo_postroute_physopted.rqs"/>
  <File Type="ROUTE-RQS-RPT" Name="route_report_qor_suggestions_0.rpt"/>
  <File Type="POSTROUTE-PHYSOPT-RQS-RPT" Name="postroute_physopt_report_qor_suggestions_0.rpt"/>
  <FileSet Name="sources" Type="DesignSrcs" RelSrcDir="$PSRCDIR/sources_1" RelGenDir="$PGENDIR/sources_1">
    <Filter Type="Srcs"/>
    <File Path="$PSRCDIR/sources_1/new/logika_duzo.v">
      <FileInfo>
        <Attr Name="UsedIn" Val="synthesis"/>
        <Attr Name="UsedIn" Val="implementation"/>
        <Attr Name="UsedIn" Val="simulation"/>
      </FileInfo>
    </File>
    <Config>
      <Option Name="DesignMode" Val="RTL"/>
      <Option Name="TopModule" Val="logika_duzo"/>
      <Option Name="TopAutoSet" Val="TRUE"/>
    </Config>
  </FileSet>
  <FileSet Name="constrs_in" Type="Constrs" RelSrcDir="$PSRCDIR/constrs_1">
    <Filter Type="Constrs"/>
    <Config>
      <Option Name="ConstrsType" Val="XDC"/>
    </Config>
  </FileSet>
  <FileSet Name="utils" Type="Utils" RelSrcDir="$PSRCDIR/utils_1">
    <Filter Type="Utils"/>
    <File Path="$PSRCDIR/utils_1/imports/synth_1/logika_duzo.dcp">
      <FileInfo>
        <Attr Name="UsedIn" Val="synthesis"/>
        <Attr Name="UsedIn" Val="implementation"/>
        <Attr Name="UsedInSteps" Val="synth_1"/>
        <Attr Name="AutoDcp" Val="1"/>
      </FileInfo>
    </File>
    <Config>
      <Option Name="TopAutoSet" Val="TRUE"/>
    </Config>
  </FileSet>
  <Strategy Version="1" Minor="2">
    <StratHandle Name="Vivado Implementation Defaults" Flow="Vivado Implementation 2022">
      <Desc>Default settings for Implementation.</Desc>
    </StratHandle>
    <Step Id="init_design"/>
    <Step Id="opt_design"/>
    <Step Id="power_opt_design"/>
    <Step Id="place_design"/>
    <Step Id="post_place_power_opt_design"/>
    <Step Id="phys_opt_design"/>
    <Step Id="route_design"/>
    <Step Id="post_route_phys_opt_design"/>
    <Step Id="write_bitstream"/>
  </Strategy>
</GenRun>
