<?xml version="1.0" encoding="UTF-8"?>
<GenRun Id="impl_1" LaunchPart="xc7z010clg400-1" LaunchTime="1742420864">
  <File Type="ROUTE-PWR" Name="cnt_modulo_power_routed.rpt"/>
  <File Type="PA-TCL" Name="cnt_modulo.tcl"/>
  <File Type="ROUTE-PWR-SUM" Name="cnt_modulo_power_summary_routed.pb"/>
  <File Type="REPORTS-TCL" Name="cnt_modulo_reports.tcl"/>
  <File Type="BITSTR-MSK" Name="cnt_modulo.msk"/>
  <File Type="ROUTE-CLK" Name="cnt_modulo_clock_utilization_routed.rpt"/>
  <File Type="RDI-RDI" Name="cnt_modulo.vdi"/>
  <File Type="BG-BIT" Name="cnt_modulo.bit"/>
  <File Type="BG-DRC" Name="cnt_modulo.drc"/>
  <File Type="BG-BGN" Name="cnt_modulo.bgn"/>
  <File Type="BG-BIN" Name="cnt_modulo.bin"/>
  <File Type="BITSTR-RBT" Name="cnt_modulo.rbt"/>
  <File Type="BITSTR-NKY" Name="cnt_modulo.nky"/>
  <File Type="BITSTR-BMM" Name="cnt_modulo_bd.bmm"/>
  <File Type="BITSTR-MMI" Name="cnt_modulo.mmi"/>
  <File Type="ROUTE-METHODOLOGY-DRC" Name="cnt_modulo_methodology_drc_routed.rpt"/>
  <File Type="BITSTR-SYSDEF" Name="cnt_modulo.sysdef"/>
  <File Type="BITSTR-LTX" Name="debug_nets.ltx"/>
  <File Type="BITSTR-LTX" Name="cnt_modulo.ltx"/>
  <File Type="WBT-USG" Name="usage_statistics_webtalk.html"/>
  <File Type="OPT-DRC" Name="cnt_modulo_drc_opted.rpt"/>
  <File Type="OPT-HWDEF" Name="cnt_modulo.hwdef"/>
  <File Type="PLACE-IO" Name="cnt_modulo_io_placed.rpt"/>
  <File Type="PLACE-UTIL" Name="cnt_modulo_utilization_placed.rpt"/>
  <File Type="PLACE-UTIL-PB" Name="cnt_modulo_utilization_placed.pb"/>
  <File Type="PLACE-CTRL" Name="cnt_modulo_control_sets_placed.rpt"/>
  <File Type="PLACE-PRE-SIMILARITY" Name="cnt_modulo_incremental_reuse_pre_placed.rpt"/>
  <File Type="ROUTE-DRC" Name="cnt_modulo_drc_routed.rpt"/>
  <File Type="ROUTE-DRC-PB" Name="cnt_modulo_drc_routed.pb"/>
  <File Type="ROUTE-PWR-RPX" Name="cnt_modulo_power_routed.rpx"/>
  <File Type="ROUTE-STATUS" Name="cnt_modulo_route_status.rpt"/>
  <File Type="ROUTE-STATUS-PB" Name="cnt_modulo_route_status.pb"/>
  <File Type="ROUTE-DCP" Name="cnt_modulo_routed.dcp"/>
  <File Type="ROUTE-ERROR-DCP" Name="cnt_modulo_routed_error.dcp"/>
  <File Type="ROUTE-BLACKBOX-DCP" Name="cnt_modulo_routed_bb.dcp"/>
  <File Type="ROUTE-TIMINGSUMMARY" Name="cnt_modulo_timing_summary_routed.rpt"/>
  <File Type="ROUTE-TIMING-PB" Name="cnt_modulo_timing_summary_routed.pb"/>
  <File Type="ROUTE-TIMING-RPX" Name="cnt_modulo_timing_summary_routed.rpx"/>
  <File Type="ROUTE-BUS-SKEW" Name="cnt_modulo_bus_skew_routed.rpt"/>
  <File Type="ROUTE-BUS-SKEW-PB" Name="cnt_modulo_bus_skew_routed.pb"/>
  <File Type="ROUTE-BUS-SKEW-RPX" Name="cnt_modulo_bus_skew_routed.rpx"/>
  <File Type="OPT-DCP" Name="cnt_modulo_opt.dcp"/>
  <File Type="PLACE-DCP" Name="cnt_modulo_placed.dcp"/>
  <File Type="PWROPT-DCP" Name="cnt_modulo_pwropt.dcp"/>
  <File Type="POSTPLACE-PWROPT-DCP" Name="cnt_modulo_postplace_pwropt.dcp"/>
  <File Type="PHYSOPT-DCP" Name="cnt_modulo_physopt.dcp"/>
  <File Type="POSTROUTE-PHYSOPT-DCP" Name="cnt_modulo_postroute_physopt.dcp"/>
  <File Type="POSTROUTE-PHYSOPT-BLACKBOX-DCP" Name="cnt_modulo_postroute_physopt_bb.dcp"/>
  <File Type="ROUTE-METHODOLOGY-DRC-PB" Name="cnt_modulo_methodology_drc_routed.pb"/>
  <File Type="ROUTE-DRC-RPX" Name="cnt_modulo_drc_routed.rpx"/>
  <File Type="ROUTE-METHODOLOGY-DRC-RPX" Name="cnt_modulo_methodology_drc_routed.rpx"/>
  <File Type="PDI-FILE" Name="cnt_modulo.pdi"/>
  <File Type="RCFI_FILE" Name="cnt_modulo.rcfi"/>
  <File Type="CFI_FILE" Name="cnt_modulo.cfi"/>
  <File Type="RNPI_FILE" Name="cnt_modulo.rnpi"/>
  <File Type="NPI_FILE" Name="cnt_modulo.npi"/>
  <File Type="RBD_FILE" Name="cnt_modulo.rbd"/>
  <File Type="ROUTE-RQS" Name="cnt_modulo_routed.rqs"/>
  <File Type="POSTROUTE-PHYSOPT-RQS" Name="cnt_modulo_postroute_physopted.rqs"/>
  <File Type="ROUTE-RQS-RPT" Name="route_report_qor_suggestions_0.rpt"/>
  <File Type="POSTROUTE-PHYSOPT-RQS-RPT" Name="postroute_physopt_report_qor_suggestions_0.rpt"/>
  <FileSet Name="sources" Type="DesignSrcs" RelSrcDir="$PSRCDIR/sources_1" RelGenDir="$PGENDIR/sources_1">
    <Filter Type="Srcs"/>
    <File Path="$PSRCDIR/sources_1/new/dom_1_zad.v">
      <FileInfo>
        <Attr Name="UsedIn" Val="synthesis"/>
        <Attr Name="UsedIn" Val="implementation"/>
        <Attr Name="UsedIn" Val="simulation"/>
      </FileInfo>
    </File>
    <Config>
      <Option Name="DesignMode" Val="RTL"/>
      <Option Name="TopModule" Val="cnt_modulo"/>
    </Config>
  </FileSet>
  <FileSet Name="constrs_in" Type="Constrs" RelSrcDir="$PSRCDIR/constrs_1">
    <Filter Type="Constrs"/>
    <Config>
      <Option Name="ConstrsType" Val="XDC"/>
    </Config>
  </FileSet>
  <FileSet Name="utils" Type="Utils" RelSrcDir="$PSRCDIR/utils_1">
    <Filter Type="Utils"/>
    <File Path="$PSRCDIR/utils_1/imports/synth_1/dom_1_zad.dcp">
      <FileInfo>
        <Attr Name="UsedIn" Val="synthesis"/>
        <Attr Name="UsedIn" Val="implementation"/>
        <Attr Name="UsedInSteps" Val="synth_1"/>
        <Attr Name="AutoDcp" Val="1"/>
      </FileInfo>
    </File>
    <Config>
      <Option Name="TopAutoSet" Val="TRUE"/>
    </Config>
  </FileSet>
  <Strategy Version="1" Minor="2">
    <StratHandle Name="Vivado Implementation Defaults" Flow="Vivado Implementation 2022"/>
    <Step Id="init_design"/>
    <Step Id="opt_design"/>
    <Step Id="power_opt_design"/>
    <Step Id="place_design"/>
    <Step Id="post_place_power_opt_design"/>
    <Step Id="phys_opt_design"/>
    <Step Id="route_design"/>
    <Step Id="post_route_phys_opt_design"/>
    <Step Id="write_bitstream"/>
    <Step Id="write_device_image"/>
  </Strategy>
</GenRun>
