<?xml version="1.0" encoding="UTF-8"?>
<GenRun Id="impl_1" LaunchPart="xc7z010clg400-1" LaunchTime="1742828213">
  <File Type="ROUTE-PWR" Name="fsm_odczyt_power_routed.rpt"/>
  <File Type="PA-TCL" Name="fsm_odczyt.tcl"/>
  <File Type="ROUTE-PWR-SUM" Name="fsm_odczyt_power_summary_routed.pb"/>
  <File Type="REPORTS-TCL" Name="fsm_odczyt_reports.tcl"/>
  <File Type="BITSTR-MSK" Name="fsm_odczyt.msk"/>
  <File Type="ROUTE-CLK" Name="fsm_odczyt_clock_utilization_routed.rpt"/>
  <File Type="RDI-RDI" Name="fsm_odczyt.vdi"/>
  <File Type="BG-BIT" Name="fsm_odczyt.bit"/>
  <File Type="BG-DRC" Name="fsm_odczyt.drc"/>
  <File Type="BG-BGN" Name="fsm_odczyt.bgn"/>
  <File Type="BG-BIN" Name="fsm_odczyt.bin"/>
  <File Type="BITSTR-RBT" Name="fsm_odczyt.rbt"/>
  <File Type="BITSTR-NKY" Name="fsm_odczyt.nky"/>
  <File Type="BITSTR-BMM" Name="fsm_odczyt_bd.bmm"/>
  <File Type="BITSTR-MMI" Name="fsm_odczyt.mmi"/>
  <File Type="ROUTE-METHODOLOGY-DRC" Name="fsm_odczyt_methodology_drc_routed.rpt"/>
  <File Type="BITSTR-SYSDEF" Name="fsm_odczyt.sysdef"/>
  <File Type="BITSTR-LTX" Name="debug_nets.ltx"/>
  <File Type="BITSTR-LTX" Name="fsm_odczyt.ltx"/>
  <File Type="WBT-USG" Name="usage_statistics_webtalk.html"/>
  <File Type="OPT-DRC" Name="fsm_odczyt_drc_opted.rpt"/>
  <File Type="OPT-HWDEF" Name="fsm_odczyt.hwdef"/>
  <File Type="PLACE-IO" Name="fsm_odczyt_io_placed.rpt"/>
  <File Type="PLACE-UTIL" Name="fsm_odczyt_utilization_placed.rpt"/>
  <File Type="PLACE-UTIL-PB" Name="fsm_odczyt_utilization_placed.pb"/>
  <File Type="PLACE-CTRL" Name="fsm_odczyt_control_sets_placed.rpt"/>
  <File Type="PLACE-PRE-SIMILARITY" Name="fsm_odczyt_incremental_reuse_pre_placed.rpt"/>
  <File Type="ROUTE-DRC" Name="fsm_odczyt_drc_routed.rpt"/>
  <File Type="ROUTE-DRC-PB" Name="fsm_odczyt_drc_routed.pb"/>
  <File Type="ROUTE-PWR-RPX" Name="fsm_odczyt_power_routed.rpx"/>
  <File Type="ROUTE-STATUS" Name="fsm_odczyt_route_status.rpt"/>
  <File Type="ROUTE-STATUS-PB" Name="fsm_odczyt_route_status.pb"/>
  <File Type="ROUTE-DCP" Name="fsm_odczyt_routed.dcp"/>
  <File Type="ROUTE-ERROR-DCP" Name="fsm_odczyt_routed_error.dcp"/>
  <File Type="ROUTE-BLACKBOX-DCP" Name="fsm_odczyt_routed_bb.dcp"/>
  <File Type="ROUTE-TIMINGSUMMARY" Name="fsm_odczyt_timing_summary_routed.rpt"/>
  <File Type="ROUTE-TIMING-PB" Name="fsm_odczyt_timing_summary_routed.pb"/>
  <File Type="ROUTE-TIMING-RPX" Name="fsm_odczyt_timing_summary_routed.rpx"/>
  <File Type="ROUTE-BUS-SKEW" Name="fsm_odczyt_bus_skew_routed.rpt"/>
  <File Type="ROUTE-BUS-SKEW-PB" Name="fsm_odczyt_bus_skew_routed.pb"/>
  <File Type="ROUTE-BUS-SKEW-RPX" Name="fsm_odczyt_bus_skew_routed.rpx"/>
  <File Type="OPT-DCP" Name="fsm_odczyt_opt.dcp"/>
  <File Type="PLACE-DCP" Name="fsm_odczyt_placed.dcp"/>
  <File Type="PWROPT-DCP" Name="fsm_odczyt_pwropt.dcp"/>
  <File Type="POSTPLACE-PWROPT-DCP" Name="fsm_odczyt_postplace_pwropt.dcp"/>
  <File Type="PHYSOPT-DCP" Name="fsm_odczyt_physopt.dcp"/>
  <File Type="POSTROUTE-PHYSOPT-DCP" Name="fsm_odczyt_postroute_physopt.dcp"/>
  <File Type="POSTROUTE-PHYSOPT-BLACKBOX-DCP" Name="fsm_odczyt_postroute_physopt_bb.dcp"/>
  <File Type="ROUTE-METHODOLOGY-DRC-PB" Name="fsm_odczyt_methodology_drc_routed.pb"/>
  <File Type="ROUTE-DRC-RPX" Name="fsm_odczyt_drc_routed.rpx"/>
  <File Type="ROUTE-METHODOLOGY-DRC-RPX" Name="fsm_odczyt_methodology_drc_routed.rpx"/>
  <File Type="PDI-FILE" Name="fsm_odczyt.pdi"/>
  <File Type="RCFI_FILE" Name="fsm_odczyt.rcfi"/>
  <File Type="CFI_FILE" Name="fsm_odczyt.cfi"/>
  <File Type="RNPI_FILE" Name="fsm_odczyt.rnpi"/>
  <File Type="NPI_FILE" Name="fsm_odczyt.npi"/>
  <File Type="RBD_FILE" Name="fsm_odczyt.rbd"/>
  <File Type="ROUTE-RQS" Name="fsm_odczyt_routed.rqs"/>
  <File Type="POSTROUTE-PHYSOPT-RQS" Name="fsm_odczyt_postroute_physopted.rqs"/>
  <File Type="ROUTE-RQS-RPT" Name="route_report_qor_suggestions_0.rpt"/>
  <File Type="POSTROUTE-PHYSOPT-RQS-RPT" Name="postroute_physopt_report_qor_suggestions_0.rpt"/>
  <FileSet Name="sources" Type="DesignSrcs" RelSrcDir="$PSRCDIR/sources_1" RelGenDir="$PGENDIR/sources_1">
    <Filter Type="Srcs"/>
    <File Path="$PSRCDIR/sources_1/new/fsm_odczyt.v">
      <FileInfo>
        <Attr Name="UsedIn" Val="synthesis"/>
        <Attr Name="UsedIn" Val="implementation"/>
        <Attr Name="UsedIn" Val="simulation"/>
      </FileInfo>
    </File>
    <Config>
      <Option Name="DesignMode" Val="RTL"/>
      <Option Name="TopModule" Val="fsm_odczyt"/>
      <Option Name="TopAutoSet" Val="TRUE"/>
    </Config>
  </FileSet>
  <FileSet Name="constrs_in" Type="Constrs" RelSrcDir="$PSRCDIR/constrs_1">
    <Filter Type="Constrs"/>
    <Config>
      <Option Name="ConstrsType" Val="XDC"/>
    </Config>
  </FileSet>
  <FileSet Name="utils" Type="Utils" RelSrcDir="$PSRCDIR/utils_1">
    <Filter Type="Utils"/>
    <File Path="$PSRCDIR/utils_1/imports/synth_1/fsm_odczyt.dcp">
      <FileInfo>
        <Attr Name="UsedIn" Val="synthesis"/>
        <Attr Name="UsedIn" Val="implementation"/>
        <Attr Name="UsedInSteps" Val="synth_1"/>
        <Attr Name="AutoDcp" Val="1"/>
      </FileInfo>
    </File>
    <Config>
      <Option Name="TopAutoSet" Val="TRUE"/>
    </Config>
  </FileSet>
  <Strategy Version="1" Minor="2">
    <StratHandle Name="Vivado Implementation Defaults" Flow="Vivado Implementation 2022"/>
    <Step Id="init_design"/>
    <Step Id="opt_design"/>
    <Step Id="power_opt_design"/>
    <Step Id="place_design"/>
    <Step Id="post_place_power_opt_design"/>
    <Step Id="phys_opt_design"/>
    <Step Id="route_design"/>
    <Step Id="post_route_phys_opt_design"/>
    <Step Id="write_bitstream"/>
    <Step Id="write_device_image"/>
  </Strategy>
</GenRun>
