<?xml version="1.0" encoding="UTF-8"?>
<GenRun Id="impl_1" LaunchPart="xc7z010clg400-1" LaunchTime="1742817429">
  <File Type="ROUTE-PWR" Name="or_gate_power_routed.rpt"/>
  <File Type="PA-TCL" Name="or_gate.tcl"/>
  <File Type="ROUTE-PWR-SUM" Name="or_gate_power_summary_routed.pb"/>
  <File Type="REPORTS-TCL" Name="or_gate_reports.tcl"/>
  <File Type="BITSTR-MSK" Name="or_gate.msk"/>
  <File Type="ROUTE-CLK" Name="or_gate_clock_utilization_routed.rpt"/>
  <File Type="RDI-RDI" Name="or_gate.vdi"/>
  <File Type="BG-BIT" Name="or_gate.bit"/>
  <File Type="BG-DRC" Name="or_gate.drc"/>
  <File Type="BG-BGN" Name="or_gate.bgn"/>
  <File Type="BG-BIN" Name="or_gate.bin"/>
  <File Type="BITSTR-RBT" Name="or_gate.rbt"/>
  <File Type="BITSTR-NKY" Name="or_gate.nky"/>
  <File Type="BITSTR-BMM" Name="or_gate_bd.bmm"/>
  <File Type="BITSTR-MMI" Name="or_gate.mmi"/>
  <File Type="ROUTE-METHODOLOGY-DRC" Name="or_gate_methodology_drc_routed.rpt"/>
  <File Type="BITSTR-SYSDEF" Name="or_gate.sysdef"/>
  <File Type="ROUTE-METHODOLOGY-DRC-PB" Name="or_gate_methodology_drc_routed.pb"/>
  <File Type="BITSTR-LTX" Name="debug_nets.ltx"/>
  <File Type="BITSTR-LTX" Name="or_gate.ltx"/>
  <File Type="WBT-USG" Name="usage_statistics_webtalk.html"/>
  <File Type="OPT-DRC" Name="or_gate_drc_opted.rpt"/>
  <File Type="OPT-HWDEF" Name="or_gate.hwdef"/>
  <File Type="PLACE-IO" Name="or_gate_io_placed.rpt"/>
  <File Type="PLACE-UTIL" Name="or_gate_utilization_placed.rpt"/>
  <File Type="PLACE-UTIL-PB" Name="or_gate_utilization_placed.pb"/>
  <File Type="ROUTE-RQS" Name="or_gate_routed.rqs"/>
  <File Type="PLACE-CTRL" Name="or_gate_control_sets_placed.rpt"/>
  <File Type="ROUTE-RQS-RPT" Name="route_report_qor_suggestions_0.rpt"/>
  <File Type="PLACE-PRE-SIMILARITY" Name="or_gate_incremental_reuse_pre_placed.rpt"/>
  <File Type="POSTROUTE-PHYSOPT-RQS-RPT" Name="postroute_physopt_report_qor_suggestions_0.rpt"/>
  <File Type="ROUTE-DRC" Name="or_gate_drc_routed.rpt"/>
  <File Type="ROUTE-DRC-PB" Name="or_gate_drc_routed.pb"/>
  <File Type="ROUTE-PWR-RPX" Name="or_gate_power_routed.rpx"/>
  <File Type="ROUTE-STATUS" Name="or_gate_route_status.rpt"/>
  <File Type="ROUTE-STATUS-PB" Name="or_gate_route_status.pb"/>
  <File Type="ROUTE-DCP" Name="or_gate_routed.dcp"/>
  <File Type="ROUTE-ERROR-DCP" Name="or_gate_routed_error.dcp"/>
  <File Type="ROUTE-BLACKBOX-DCP" Name="or_gate_routed_bb.dcp"/>
  <File Type="ROUTE-TIMINGSUMMARY" Name="or_gate_timing_summary_routed.rpt"/>
  <File Type="ROUTE-TIMING-PB" Name="or_gate_timing_summary_routed.pb"/>
  <File Type="ROUTE-TIMING-RPX" Name="or_gate_timing_summary_routed.rpx"/>
  <File Type="ROUTE-BUS-SKEW" Name="or_gate_bus_skew_routed.rpt"/>
  <File Type="ROUTE-BUS-SKEW-PB" Name="or_gate_bus_skew_routed.pb"/>
  <File Type="ROUTE-BUS-SKEW-RPX" Name="or_gate_bus_skew_routed.rpx"/>
  <File Type="OPT-DCP" Name="or_gate_opt.dcp"/>
  <File Type="PLACE-DCP" Name="or_gate_placed.dcp"/>
  <File Type="PWROPT-DCP" Name="or_gate_pwropt.dcp"/>
  <File Type="POSTPLACE-PWROPT-DCP" Name="or_gate_postplace_pwropt.dcp"/>
  <File Type="PHYSOPT-DCP" Name="or_gate_physopt.dcp"/>
  <File Type="POSTROUTE-PHYSOPT-DCP" Name="or_gate_postroute_physopt.dcp"/>
  <File Type="POSTROUTE-PHYSOPT-BLACKBOX-DCP" Name="or_gate_postroute_physopt_bb.dcp"/>
  <File Type="ROUTE-DRC-RPX" Name="or_gate_drc_routed.rpx"/>
  <File Type="ROUTE-METHODOLOGY-DRC-RPX" Name="or_gate_methodology_drc_routed.rpx"/>
  <File Type="PDI-FILE" Name="or_gate.pdi"/>
  <File Type="RCFI_FILE" Name="or_gate.rcfi"/>
  <File Type="CFI_FILE" Name="or_gate.cfi"/>
  <File Type="RNPI_FILE" Name="or_gate.rnpi"/>
  <File Type="NPI_FILE" Name="or_gate.npi"/>
  <File Type="RBD_FILE" Name="or_gate.rbd"/>
  <File Type="POSTROUTE-PHYSOPT-RQS" Name="or_gate_postroute_physopted.rqs"/>
  <FileSet Name="sources" Type="DesignSrcs" RelSrcDir="$PSRCDIR/sources_1" RelGenDir="$PGENDIR/sources_1">
    <Filter Type="Srcs"/>
    <File Path="$PPRDIR/../../../../../../../Users/piotr/Downloads/or_gate.v">
      <FileInfo>
        <Attr Name="UsedIn" Val="synthesis"/>
        <Attr Name="UsedIn" Val="implementation"/>
        <Attr Name="UsedIn" Val="simulation"/>
      </FileInfo>
    </File>
    <Config>
      <Option Name="DesignMode" Val="RTL"/>
      <Option Name="TopModule" Val="or_gate"/>
      <Option Name="TopAutoSet" Val="TRUE"/>
    </Config>
  </FileSet>
  <FileSet Name="constrs_in" Type="Constrs" RelSrcDir="$PSRCDIR/constrs_1">
    <Filter Type="Constrs"/>
    <Config>
      <Option Name="ConstrsType" Val="XDC"/>
    </Config>
  </FileSet>
  <FileSet Name="utils" Type="Utils" RelSrcDir="$PSRCDIR/utils_1">
    <Filter Type="Utils"/>
    <Config>
      <Option Name="TopAutoSet" Val="TRUE"/>
    </Config>
  </FileSet>
  <Strategy Version="1" Minor="2">
    <StratHandle Name="Vivado Implementation Defaults" Flow="Vivado Implementation 2022"/>
    <Step Id="init_design"/>
    <Step Id="opt_design"/>
    <Step Id="power_opt_design"/>
    <Step Id="place_design"/>
    <Step Id="post_place_power_opt_design"/>
    <Step Id="phys_opt_design"/>
    <Step Id="route_design"/>
    <Step Id="post_route_phys_opt_design"/>
    <Step Id="write_bitstream"/>
    <Step Id="write_device_image"/>
  </Strategy>
</GenRun>
