<?xml version="1.0" encoding="UTF-8"?>
<GenRun Id="synth_1" LaunchPart="xc7z010clg400-1" LaunchTime="1741729432">
  <File Type="PA-TCL" Name="long_and.tcl"/>
  <File Type="RDS-PROPCONSTRS" Name="long_and_drc_synth.rpt"/>
  <File Type="REPORTS-TCL" Name="long_and_reports.tcl"/>
  <File Type="RDS-RDS" Name="long_and.vds"/>
  <File Type="RDS-UTIL" Name="long_and_utilization_synth.rpt"/>
  <File Type="RDS-UTIL-PB" Name="long_and_utilization_synth.pb"/>
  <File Type="RDS-DCP" Name="long_and.dcp"/>
  <File Type="VDS-TIMINGSUMMARY" Name="long_and_timing_summary_synth.rpt"/>
  <File Type="VDS-TIMING-PB" Name="long_and_timing_summary_synth.pb"/>
  <FileSet Name="sources" Type="DesignSrcs" RelSrcDir="$PSRCDIR/sources_1" RelGenDir="$PGENDIR/sources_1">
    <Filter Type="Srcs"/>
    <File Path="$PSRCDIR/sources_1/new/Lab_1_zad_1.v">
      <FileInfo>
        <Attr Name="UsedIn" Val="synthesis"/>
        <Attr Name="UsedIn" Val="implementation"/>
        <Attr Name="UsedIn" Val="simulation"/>
      </FileInfo>
    </File>
    <Config>
      <Option Name="DesignMode" Val="RTL"/>
      <Option Name="TopModule" Val="long_and"/>
      <Option Name="TopAutoSet" Val="TRUE"/>
    </Config>
  </FileSet>
  <FileSet Name="constrs_in" Type="Constrs" RelSrcDir="$PSRCDIR/constrs_1">
    <Filter Type="Constrs"/>
    <Config>
      <Option Name="ConstrsType" Val="XDC"/>
    </Config>
  </FileSet>
  <FileSet Name="utils" Type="Utils" RelSrcDir="$PSRCDIR/utils_1">
    <Filter Type="Utils"/>
    <Config>
      <Option Name="TopAutoSet" Val="TRUE"/>
    </Config>
  </FileSet>
  <Strategy Version="1" Minor="2">
    <StratHandle Name="Vivado Synthesis Defaults" Flow="Vivado Synthesis 2022">
      <Desc>Vivado Synthesis Defaults</Desc>
    </StratHandle>
    <Step Id="synth_design"/>
  </Strategy>
</GenRun>
