<?xml version="1.0" encoding="UTF-8"?>
<GenRun Id="impl_1" LaunchPart="xc7z010clg400-1" LaunchTime="1742765103">
  <File Type="ROUTE-PWR" Name="mini_Usart_power_routed.rpt"/>
  <File Type="PA-TCL" Name="mini_Usart.tcl"/>
  <File Type="ROUTE-PWR-SUM" Name="mini_Usart_power_summary_routed.pb"/>
  <File Type="REPORTS-TCL" Name="mini_Usart_reports.tcl"/>
  <File Type="BITSTR-MSK" Name="mini_Usart.msk"/>
  <File Type="ROUTE-CLK" Name="mini_Usart_clock_utilization_routed.rpt"/>
  <File Type="RDI-RDI" Name="mini_Usart.vdi"/>
  <File Type="BG-BIT" Name="mini_Usart.bit"/>
  <File Type="BG-DRC" Name="mini_Usart.drc"/>
  <File Type="BG-BGN" Name="mini_Usart.bgn"/>
  <File Type="BG-BIN" Name="mini_Usart.bin"/>
  <File Type="BITSTR-RBT" Name="mini_Usart.rbt"/>
  <File Type="BITSTR-NKY" Name="mini_Usart.nky"/>
  <File Type="BITSTR-BMM" Name="mini_Usart_bd.bmm"/>
  <File Type="BITSTR-MMI" Name="mini_Usart.mmi"/>
  <File Type="ROUTE-METHODOLOGY-DRC" Name="mini_Usart_methodology_drc_routed.rpt"/>
  <File Type="BITSTR-SYSDEF" Name="mini_Usart.sysdef"/>
  <File Type="ROUTE-METHODOLOGY-DRC-PB" Name="mini_Usart_methodology_drc_routed.pb"/>
  <File Type="BITSTR-LTX" Name="debug_nets.ltx"/>
  <File Type="BITSTR-LTX" Name="mini_Usart.ltx"/>
  <File Type="WBT-USG" Name="usage_statistics_webtalk.html"/>
  <File Type="OPT-DRC" Name="mini_Usart_drc_opted.rpt"/>
  <File Type="OPT-HWDEF" Name="mini_Usart.hwdef"/>
  <File Type="PLACE-IO" Name="mini_Usart_io_placed.rpt"/>
  <File Type="PLACE-UTIL" Name="mini_Usart_utilization_placed.rpt"/>
  <File Type="PLACE-UTIL-PB" Name="mini_Usart_utilization_placed.pb"/>
  <File Type="ROUTE-RQS" Name="mini_Usart_routed.rqs"/>
  <File Type="PLACE-CTRL" Name="mini_Usart_control_sets_placed.rpt"/>
  <File Type="ROUTE-RQS-RPT" Name="route_report_qor_suggestions_0.rpt"/>
  <File Type="PLACE-PRE-SIMILARITY" Name="mini_Usart_incremental_reuse_pre_placed.rpt"/>
  <File Type="POSTROUTE-PHYSOPT-RQS-RPT" Name="postroute_physopt_report_qor_suggestions_0.rpt"/>
  <File Type="ROUTE-DRC" Name="mini_Usart_drc_routed.rpt"/>
  <File Type="ROUTE-DRC-PB" Name="mini_Usart_drc_routed.pb"/>
  <File Type="ROUTE-PWR-RPX" Name="mini_Usart_power_routed.rpx"/>
  <File Type="ROUTE-STATUS" Name="mini_Usart_route_status.rpt"/>
  <File Type="ROUTE-STATUS-PB" Name="mini_Usart_route_status.pb"/>
  <File Type="ROUTE-DCP" Name="mini_Usart_routed.dcp"/>
  <File Type="ROUTE-ERROR-DCP" Name="mini_Usart_routed_error.dcp"/>
  <File Type="ROUTE-BLACKBOX-DCP" Name="mini_Usart_routed_bb.dcp"/>
  <File Type="ROUTE-TIMINGSUMMARY" Name="mini_Usart_timing_summary_routed.rpt"/>
  <File Type="ROUTE-TIMING-PB" Name="mini_Usart_timing_summary_routed.pb"/>
  <File Type="ROUTE-TIMING-RPX" Name="mini_Usart_timing_summary_routed.rpx"/>
  <File Type="ROUTE-BUS-SKEW" Name="mini_Usart_bus_skew_routed.rpt"/>
  <File Type="ROUTE-BUS-SKEW-PB" Name="mini_Usart_bus_skew_routed.pb"/>
  <File Type="ROUTE-BUS-SKEW-RPX" Name="mini_Usart_bus_skew_routed.rpx"/>
  <File Type="OPT-DCP" Name="mini_Usart_opt.dcp"/>
  <File Type="PLACE-DCP" Name="mini_Usart_placed.dcp"/>
  <File Type="PWROPT-DCP" Name="mini_Usart_pwropt.dcp"/>
  <File Type="POSTPLACE-PWROPT-DCP" Name="mini_Usart_postplace_pwropt.dcp"/>
  <File Type="PHYSOPT-DCP" Name="mini_Usart_physopt.dcp"/>
  <File Type="POSTROUTE-PHYSOPT-DCP" Name="mini_Usart_postroute_physopt.dcp"/>
  <File Type="POSTROUTE-PHYSOPT-BLACKBOX-DCP" Name="mini_Usart_postroute_physopt_bb.dcp"/>
  <File Type="ROUTE-DRC-RPX" Name="mini_Usart_drc_routed.rpx"/>
  <File Type="ROUTE-METHODOLOGY-DRC-RPX" Name="mini_Usart_methodology_drc_routed.rpx"/>
  <File Type="PDI-FILE" Name="mini_Usart.pdi"/>
  <File Type="RCFI_FILE" Name="mini_Usart.rcfi"/>
  <File Type="CFI_FILE" Name="mini_Usart.cfi"/>
  <File Type="RNPI_FILE" Name="mini_Usart.rnpi"/>
  <File Type="NPI_FILE" Name="mini_Usart.npi"/>
  <File Type="RBD_FILE" Name="mini_Usart.rbd"/>
  <File Type="POSTROUTE-PHYSOPT-RQS" Name="mini_Usart_postroute_physopted.rqs"/>
  <FileSet Name="sources" Type="DesignSrcs" RelSrcDir="$PSRCDIR/sources_1" RelGenDir="$PGENDIR/sources_1">
    <Filter Type="Srcs"/>
    <File Path="$PSRCDIR/sources_1/new/mini_Usart.v">
      <FileInfo>
        <Attr Name="UsedIn" Val="synthesis"/>
        <Attr Name="UsedIn" Val="implementation"/>
        <Attr Name="UsedIn" Val="simulation"/>
      </FileInfo>
    </File>
    <Config>
      <Option Name="DesignMode" Val="RTL"/>
      <Option Name="TopModule" Val="mini_Usart"/>
      <Option Name="TopAutoSet" Val="TRUE"/>
    </Config>
  </FileSet>
  <FileSet Name="constrs_in" Type="Constrs" RelSrcDir="$PSRCDIR/constrs_1">
    <Filter Type="Constrs"/>
    <Config>
      <Option Name="ConstrsType" Val="XDC"/>
    </Config>
  </FileSet>
  <FileSet Name="utils" Type="Utils" RelSrcDir="$PSRCDIR/utils_1">
    <Filter Type="Utils"/>
    <File Path="$PSRCDIR/utils_1/imports/synth_1/mini_Usart.dcp">
      <FileInfo>
        <Attr Name="UsedIn" Val="synthesis"/>
        <Attr Name="UsedIn" Val="implementation"/>
        <Attr Name="UsedInSteps" Val="synth_1"/>
        <Attr Name="AutoDcp" Val="1"/>
      </FileInfo>
    </File>
    <Config>
      <Option Name="TopAutoSet" Val="TRUE"/>
    </Config>
  </FileSet>
  <Strategy Version="1" Minor="2">
    <StratHandle Name="Vivado Implementation Defaults" Flow="Vivado Implementation 2022"/>
    <Step Id="init_design"/>
    <Step Id="opt_design"/>
    <Step Id="power_opt_design"/>
    <Step Id="place_design"/>
    <Step Id="post_place_power_opt_design"/>
    <Step Id="phys_opt_design"/>
    <Step Id="route_design"/>
    <Step Id="post_route_phys_opt_design"/>
    <Step Id="write_bitstream"/>
    <Step Id="write_device_image"/>
  </Strategy>
</GenRun>
