<?xml version="1.0" encoding="UTF-8"?>
<GenRun Id="impl_1" LaunchPart="xc7z010clg400-1" LaunchTime="1741729468">
  <File Type="ROUTE-PWR" Name="long_and_power_routed.rpt"/>
  <File Type="PA-TCL" Name="long_and.tcl"/>
  <File Type="BITSTR-MMI" Name="long_and.mmi"/>
  <File Type="OPT-METHODOLOGY-DRC" Name="long_and_methodology_drc_opted.rpt"/>
  <File Type="INIT-TIMING" Name="long_and_timing_summary_init.rpt"/>
  <File Type="ROUTE-PWR-SUM" Name="long_and_power_summary_routed.pb"/>
  <File Type="REPORTS-TCL" Name="long_and_reports.tcl"/>
  <File Type="OPT-TIMING" Name="long_and_timing_summary_opted.rpt"/>
  <File Type="OPT-DCP" Name="long_and_opt.dcp"/>
  <File Type="OPT-DRC" Name="long_and_drc_opted.rpt"/>
  <File Type="OPT-HWDEF" Name="long_and.hwdef"/>
  <File Type="PWROPT-DCP" Name="long_and_pwropt.dcp"/>
  <File Type="PWROPT-DRC" Name="long_and_drc_pwropted.rpt"/>
  <File Type="PWROPT-TIMING" Name="long_and_timing_summary_pwropted.rpt"/>
  <File Type="PLACE-DCP" Name="long_and_placed.dcp"/>
  <File Type="PLACE-IO" Name="long_and_io_placed.rpt"/>
  <File Type="PLACE-CLK" Name="long_and_clock_utilization_placed.rpt"/>
  <File Type="PLACE-UTIL" Name="long_and_utilization_placed.rpt"/>
  <File Type="PLACE-UTIL-PB" Name="long_and_utilization_placed.pb"/>
  <File Type="PLACE-CTRL" Name="long_and_control_sets_placed.rpt"/>
  <File Type="PLACE-SIMILARITY" Name="long_and_incremental_reuse_placed.rpt"/>
  <File Type="PLACE-PRE-SIMILARITY" Name="long_and_incremental_reuse_pre_placed.rpt"/>
  <File Type="BG-BIN" Name="long_and.bin"/>
  <File Type="PLACE-TIMING" Name="long_and_timing_summary_placed.rpt"/>
  <File Type="POSTPLACE-PWROPT-DCP" Name="long_and_postplace_pwropt.dcp"/>
  <File Type="BITSTR-MSK" Name="long_and.msk"/>
  <File Type="POSTPLACE-PWROPT-TIMING" Name="long_and_timing_summary_postplace_pwropted.rpt"/>
  <File Type="PHYSOPT-DCP" Name="long_and_physopt.dcp"/>
  <File Type="PHYSOPT-DRC" Name="long_and_drc_physopted.rpt"/>
  <File Type="BITSTR-RBT" Name="long_and.rbt"/>
  <File Type="PHYSOPT-TIMING" Name="long_and_timing_summary_physopted.rpt"/>
  <File Type="ROUTE-ERROR-DCP" Name="long_and_routed_error.dcp"/>
  <File Type="ROUTE-DCP" Name="long_and_routed.dcp"/>
  <File Type="ROUTE-BLACKBOX-DCP" Name="long_and_routed_bb.dcp"/>
  <File Type="ROUTE-DRC" Name="long_and_drc_routed.rpt"/>
  <File Type="ROUTE-DRC-PB" Name="long_and_drc_routed.pb"/>
  <File Type="ROUTE-DRC-RPX" Name="long_and_drc_routed.rpx"/>
  <File Type="ROUTE-METHODOLOGY-DRC" Name="long_and_methodology_drc_routed.rpt"/>
  <File Type="ROUTE-METHODOLOGY-DRC-RPX" Name="long_and_methodology_drc_routed.rpx"/>
  <File Type="ROUTE-METHODOLOGY-DRC-PB" Name="long_and_methodology_drc_routed.pb"/>
  <File Type="ROUTE-PWR-RPX" Name="long_and_power_routed.rpx"/>
  <File Type="ROUTE-STATUS" Name="long_and_route_status.rpt"/>
  <File Type="ROUTE-STATUS-PB" Name="long_and_route_status.pb"/>
  <File Type="ROUTE-TIMINGSUMMARY" Name="long_and_timing_summary_routed.rpt"/>
  <File Type="ROUTE-TIMING-PB" Name="long_and_timing_summary_routed.pb"/>
  <File Type="ROUTE-TIMING-RPX" Name="long_and_timing_summary_routed.rpx"/>
  <File Type="ROUTE-SIMILARITY" Name="long_and_incremental_reuse_routed.rpt"/>
  <File Type="ROUTE-CLK" Name="long_and_clock_utilization_routed.rpt"/>
  <File Type="ROUTE-BUS-SKEW" Name="long_and_bus_skew_routed.rpt"/>
  <File Type="ROUTE-BUS-SKEW-PB" Name="long_and_bus_skew_routed.pb"/>
  <File Type="ROUTE-BUS-SKEW-RPX" Name="long_and_bus_skew_routed.rpx"/>
  <File Type="POSTROUTE-PHYSOPT-DCP" Name="long_and_postroute_physopt.dcp"/>
  <File Type="POSTROUTE-PHYSOPT-BLACKBOX-DCP" Name="long_and_postroute_physopt_bb.dcp"/>
  <File Type="POSTROUTE-PHYSOPT-TIMING" Name="long_and_timing_summary_postroute_physopted.rpt"/>
  <File Type="POSTROUTE-PHYSOPT-TIMING-PB" Name="long_and_timing_summary_postroute_physopted.pb"/>
  <File Type="POSTROUTE-PHYSOPT-TIMING-RPX" Name="long_and_timing_summary_postroute_physopted.rpx"/>
  <File Type="POSTROUTE-PHYSOPT-BUS-SKEW" Name="long_and_bus_skew_postroute_physopted.rpt"/>
  <File Type="BG-BIT" Name="long_and.bit"/>
  <File Type="POSTROUTE-PHYSOPT-BUS-SKEW-PB" Name="long_and_bus_skew_postroute_physopted.pb"/>
  <File Type="POSTROUTE-PHYSOPT-BUS-SKEW-RPX" Name="long_and_bus_skew_postroute_physopted.rpx"/>
  <File Type="BITSTR-NKY" Name="long_and.nky"/>
  <File Type="BITSTR-BMM" Name="long_and_bd.bmm"/>
  <File Type="PDI-FILE" Name="long_and.pdi"/>
  <File Type="RCFI_FILE" Name="long_and.rcfi"/>
  <File Type="CFI_FILE" Name="long_and.cfi"/>
  <File Type="RNPI_FILE" Name="long_and.rnpi"/>
  <File Type="NPI_FILE" Name="long_and.npi"/>
  <File Type="RBD_FILE" Name="long_and.rbd"/>
  <File Type="BITSTR-LTX" Name="debug_nets.ltx"/>
  <File Type="BITSTR-LTX" Name="long_and.ltx"/>
  <File Type="BITSTR-SYSDEF" Name="long_and.sysdef"/>
  <File Type="BG-BGN" Name="long_and.bgn"/>
  <File Type="BG-DRC" Name="long_and.drc"/>
  <File Type="RDI-RDI" Name="long_and.vdi"/>
  <File Type="WBT-USG" Name="usage_statistics_webtalk.html"/>
  <File Type="ROUTE-RQS" Name="long_and_routed.rqs"/>
  <File Type="POSTROUTE-PHYSOPT-RQS" Name="long_and_postroute_physopted.rqs"/>
  <File Type="ROUTE-RQS-RPT" Name="route_report_qor_suggestions_0.rpt"/>
  <File Type="POSTROUTE-PHYSOPT-RQS-RPT" Name="postroute_physopt_report_qor_suggestions_0.rpt"/>
  <FileSet Name="sources" Type="DesignSrcs" RelSrcDir="$PSRCDIR/sources_1" RelGenDir="$PGENDIR/sources_1">
    <Filter Type="Srcs"/>
    <File Path="$PSRCDIR/sources_1/new/Lab_1_zad_1.v">
      <FileInfo>
        <Attr Name="UsedIn" Val="synthesis"/>
        <Attr Name="UsedIn" Val="implementation"/>
        <Attr Name="UsedIn" Val="simulation"/>
      </FileInfo>
    </File>
    <Config>
      <Option Name="DesignMode" Val="RTL"/>
      <Option Name="TopModule" Val="long_and"/>
      <Option Name="TopAutoSet" Val="TRUE"/>
    </Config>
  </FileSet>
  <FileSet Name="constrs_in" Type="Constrs" RelSrcDir="$PSRCDIR/constrs_1">
    <Filter Type="Constrs"/>
    <Config>
      <Option Name="ConstrsType" Val="XDC"/>
    </Config>
  </FileSet>
  <FileSet Name="utils" Type="Utils" RelSrcDir="$PSRCDIR/utils_1">
    <Filter Type="Utils"/>
    <Config>
      <Option Name="TopAutoSet" Val="TRUE"/>
    </Config>
  </FileSet>
  <Strategy Version="1" Minor="2">
    <StratHandle Name="Vivado Implementation Defaults" Flow="Vivado Implementation 2022">
      <Desc>Default settings for Implementation.</Desc>
    </StratHandle>
    <Step Id="init_design"/>
    <Step Id="opt_design"/>
    <Step Id="power_opt_design"/>
    <Step Id="place_design"/>
    <Step Id="post_place_power_opt_design"/>
    <Step Id="phys_opt_design"/>
    <Step Id="route_design"/>
    <Step Id="post_route_phys_opt_design"/>
    <Step Id="write_bitstream"/>
  </Strategy>
</GenRun>
