<?xml version="1.0" encoding="UTF-8"?>
<GenRun Id="synth_1" LaunchPart="xc7z010clg400-1" LaunchTime="1743372518" LaunchIncrCheckpoint="$PSRCDIR/utils_1/imports/synth_1/skomplikowany_modul.dcp">
  <File Type="PA-TCL" Name="skomplikowany_modul.tcl"/>
  <File Type="REPORTS-TCL" Name="skomplikowany_modul_reports.tcl"/>
  <File Type="RDS-RDS" Name="skomplikowany_modul.vds"/>
  <File Type="RDS-UTIL" Name="skomplikowany_modul_utilization_synth.rpt"/>
  <File Type="RDS-UTIL-PB" Name="skomplikowany_modul_utilization_synth.pb"/>
  <File Type="RDS-DCP" Name="skomplikowany_modul.dcp"/>
  <FileSet Name="sources" Type="DesignSrcs" RelSrcDir="$PSRCDIR/sources_1" RelGenDir="$PGENDIR/sources_1">
    <Filter Type="Srcs"/>
    <File Path="$PSRCDIR/sources_1/new/opoznienie_modul.v">
      <FileInfo>
        <Attr Name="UsedIn" Val="synthesis"/>
        <Attr Name="UsedIn" Val="implementation"/>
        <Attr Name="UsedIn" Val="simulation"/>
      </FileInfo>
    </File>
    <File Path="$PSRCDIR/sources_1/new/skomplikowany_modul.v">
      <FileInfo>
        <Attr Name="UsedIn" Val="synthesis"/>
        <Attr Name="UsedIn" Val="implementation"/>
        <Attr Name="UsedIn" Val="simulation"/>
      </FileInfo>
    </File>
    <Config>
      <Option Name="DesignMode" Val="RTL"/>
      <Option Name="TopModule" Val="skomplikowany_modul"/>
      <Option Name="TopAutoSet" Val="TRUE"/>
    </Config>
  </FileSet>
  <FileSet Name="constrs_in" Type="Constrs" RelSrcDir="$PSRCDIR/constrs_1">
    <Filter Type="Constrs"/>
    <Config>
      <Option Name="ConstrsType" Val="XDC"/>
    </Config>
  </FileSet>
  <FileSet Name="utils" Type="Utils" RelSrcDir="$PSRCDIR/utils_1">
    <Filter Type="Utils"/>
    <File Path="$PSRCDIR/utils_1/imports/synth_1/skomplikowany_modul.dcp">
      <FileInfo>
        <Attr Name="UsedIn" Val="synthesis"/>
        <Attr Name="UsedIn" Val="implementation"/>
        <Attr Name="UsedInSteps" Val="synth_1"/>
        <Attr Name="AutoDcp" Val="1"/>
      </FileInfo>
    </File>
    <Config>
      <Option Name="TopAutoSet" Val="TRUE"/>
    </Config>
  </FileSet>
  <Strategy Version="1" Minor="2">
    <StratHandle Name="Vivado Synthesis Defaults" Flow="Vivado Synthesis 2022"/>
    <Step Id="synth_design"/>
  </Strategy>
  <BlockFileSet Type="BlockSrcs" Name="c_addsub_0"/>
  <BlockFileSet Type="BlockSrcs" Name="mult_gen_0"/>
  <BlockFileSet Type="BlockSrcs" Name="c_addsub_1"/>
  <BlockFileSet Type="BlockSrcs" Name="c_addsub_2"/>
  <BlockFileSet Type="BlockSrcs" Name="mult_gen_1"/>
  <BlockFileSet Type="BlockSrcs" Name="c_addsub_3"/>
</GenRun>
